image,gt_chars,extra_dets
ScreenShot2024_0308_214556794,1,3
ScreenShot2024_0312_125721271,2,2
ScreenShot2025_0206_223220547,2,2
ScreenShot2025_0603_204609748,3,2
ScreenShot2024_0304_090315563,1,1
ScreenShot2024_0307_234427345,1,1
ScreenShot2024_0308_005112729,1,1
ScreenShot2024_0308_213446860,1,1
ScreenShot2024_0311_164506563,0,1
ScreenShot2024_0315_022752829,2,1
ScreenShot2024_0318_000537393,0,1
ScreenShot2024_0318_042821216,1,1
ScreenShot2024_0319_231302640,1,1
ScreenShot2024_0320_012101987,0,1
ScreenShot2024_0321_192133543,0,1
ScreenShot2024_0713_024101310,1,1
ScreenShot2024_0827_234554569,2,1
ScreenShot2025_0125_131526730,0,1
ScreenShot2025_0130_212033220,1,1
ScreenShot2025_0204_011227084,1,1
ScreenShot2025_0204_225011000,1,1
ScreenShot2025_0208_003736920,1,1
ScreenShot2025_0215_011041595,1,1
ScreenShot2025_0216_221714525,2,1
ScreenShot2025_0216_222715591,2,1
ScreenShot2025_0305_232454747,2,1
ScreenShot2025_0309_162552242,0,1
ScreenShot2025_0405_000339306,0,1
ScreenShot2025_0408_233847905,1,1
ScreenShot2025_0413_214012262,1,1
ScreenShot2025_0415_012453695,3,1
ScreenShot2025_0419_181436247,2,1
ScreenShot2025_0426_184513383,1,1
ScreenShot2025_0504_220105529,1,1
ScreenShot2025_0528_233438014,3,1
ScreenShot2025_0603_200652886,1,1
ScreenShot2025_0612_011912060,4,1
ScreenShot2025_0627_010713271,2,1
ScreenShot2025_0628_023556272,2,1
ScreenShot2025_0629_023845185,1,1
ScreenShot2025_0823_013721446,1,1
ScreenShot2025_0824_192859593,1,1
ScreenShot2024_0304_084801113,1,0
ScreenShot2024_0304_085326839,1,0
ScreenShot2024_0304_091035562,1,0
ScreenShot2024_0304_101601331,1,0
ScreenShot2024_0304_115450606,1,0
ScreenShot2024_0304_125900883,1,0
ScreenShot2024_0304_132601889,1,0
ScreenShot2024_0304_135940255,1,0
ScreenShot2024_0304_140439487,1,0
ScreenShot2024_0304_141339663,0,0
ScreenShot2024_0306_044000367,1,0
ScreenShot2024_0306_044155465,1,0
ScreenShot2024_0306_061139730,1,0
ScreenShot2024_0306_061409461,1,0
ScreenShot2024_0306_061603396,1,0
ScreenShot2024_0306_063252448,1,0
ScreenShot2024_0306_063504245,1,0
ScreenShot2024_0306_063620672,1,0
ScreenShot2024_0306_065125233,1,0
ScreenShot2024_0306_065403860,2,0
ScreenShot2024_0306_072505636,1,0
ScreenShot2024_0307_221521994,0,0
ScreenShot2024_0307_222002013,1,0
ScreenShot2024_0307_231754733,2,0
ScreenShot2024_0307_231808909,1,0
ScreenShot2024_0307_232445029,1,0
ScreenShot2024_0307_234250145,1,0
ScreenShot2024_0307_234631394,1,0
ScreenShot2024_0307_234814460,1,0
ScreenShot2024_0308_010752961,1,0
ScreenShot2024_0308_011857425,1,0
ScreenShot2024_0308_205803685,1,0
ScreenShot2024_0308_211525577,1,0
ScreenShot2024_0308_212708501,1,0
ScreenShot2024_0308_212827698,1,0
ScreenShot2024_0308_213038036,0,0
ScreenShot2024_0308_213117869,1,0
ScreenShot2024_0308_214656075,0,0
ScreenShot2024_0308_215355375,1,0
ScreenShot2024_0308_215431925,1,0
ScreenShot2024_0308_222609366,0,0
ScreenShot2024_0308_224314394,1,0
ScreenShot2024_0308_224711314,1,0
ScreenShot2024_0308_225239350,1,0
ScreenShot2024_0308_225451866,1,0
ScreenShot2024_0308_225602151,1,0
ScreenShot2024_0308_225837949,1,0
ScreenShot2024_0308_225929585,1,0
ScreenShot2024_0308_230235733,1,0
ScreenShot2024_0309_181628000,1,0
ScreenShot2024_0309_181735168,1,0
ScreenShot2024_0309_182014073,1,0
ScreenShot2024_0309_182108886,1,0
ScreenShot2024_0309_182135556,0,0
ScreenShot2024_0309_182458255,1,0
ScreenShot2024_0309_195729375,1,0
ScreenShot2024_0309_195833949,1,0
ScreenShot2024_0309_202447540,1,0
ScreenShot2024_0309_202918770,1,0
ScreenShot2024_0309_203305218,1,0
ScreenShot2024_0310_190742775,0,0
ScreenShot2024_0310_191122177,1,0
ScreenShot2024_0310_194737263,1,0
ScreenShot2024_0310_195840366,1,0
ScreenShot2024_0310_200918599,1,0
ScreenShot2024_0311_161218783,0,0
ScreenShot2024_0311_163620641,1,0
ScreenShot2024_0311_172243062,1,0
ScreenShot2024_0311_172916850,1,0
ScreenShot2024_0311_175510852,1,0
ScreenShot2024_0311_181930117,0,0
ScreenShot2024_0311_182406074,1,0
ScreenShot2024_0311_182447074,3,0
ScreenShot2024_0311_182718093,2,0
ScreenShot2024_0311_185351402,1,0
ScreenShot2024_0311_203437336,1,0
ScreenShot2024_0312_121107369,1,0
ScreenShot2024_0312_121303564,1,0
ScreenShot2024_0312_121803791,1,0
ScreenShot2024_0312_123035383,1,0
ScreenShot2024_0312_123810300,0,0
ScreenShot2024_0312_125058569,2,0
ScreenShot2024_0313_234500196,1,0
ScreenShot2024_0313_234650653,1,0
ScreenShot2024_0313_235302468,1,0
ScreenShot2024_0314_000108760,1,0
ScreenShot2024_0314_002118772,1,0
ScreenShot2024_0314_002518960,1,0
ScreenShot2024_0314_003749559,1,0
ScreenShot2024_0314_004025247,1,0
ScreenShot2024_0314_004138954,1,0
ScreenShot2024_0314_004436222,1,0
ScreenShot2024_0314_005256679,1,0
ScreenShot2024_0314_005627444,1,0
ScreenShot2024_0314_021040099,1,0
ScreenShot2024_0314_021514801,1,0
ScreenShot2024_0314_022100039,1,0
ScreenShot2024_0314_022911624,1,0
ScreenShot2024_0314_155226942,1,0
ScreenShot2024_0314_155846122,1,0
ScreenShot2024_0314_160326084,1,0
ScreenShot2024_0314_160853245,2,0
ScreenShot2024_0314_161245344,1,0
ScreenShot2024_0314_161403761,1,0
ScreenShot2024_0314_161626160,1,0
ScreenShot2024_0314_162114472,1,0
ScreenShot2024_0314_162731591,1,0
ScreenShot2024_0314_163046728,1,0
ScreenShot2024_0314_163244889,1,0
ScreenShot2024_0314_163752682,1,0
ScreenShot2024_0314_164253066,0,0
ScreenShot2024_0314_164354045,1,0
ScreenShot2024_0314_164648842,0,0
ScreenShot2024_0314_164947328,1,0
ScreenShot2024_0314_165358857,1,0
ScreenShot2024_0314_170900011,1,0
ScreenShot2024_0314_171140657,1,0
ScreenShot2024_0314_171203794,1,0
ScreenShot2024_0314_172457341,1,0
ScreenShot2024_0314_173633232,1,0
ScreenShot2024_0314_174631192,1,0
ScreenShot2024_0314_175023482,1,0
ScreenShot2024_0314_180227902,1,0
ScreenShot2024_0314_180322771,3,0
ScreenShot2024_0314_180431404,1,0
ScreenShot2024_0314_185426962,0,0
ScreenShot2024_0314_190135869,1,0
ScreenShot2024_0314_191056468,1,0
ScreenShot2024_0314_191523935,1,0
ScreenShot2024_0314_191725868,0,0
ScreenShot2024_0314_191918145,1,0
ScreenShot2024_0314_192120569,1,0
ScreenShot2024_0314_193623353,1,0
ScreenShot2024_0314_200719773,1,0
ScreenShot2024_0314_205418870,0,0
ScreenShot2024_0314_212011031,0,0
ScreenShot2024_0314_213754583,1,0
ScreenShot2024_0314_214155680,0,0
ScreenShot2024_0314_214455625,1,0
ScreenShot2024_0314_214544774,1,0
ScreenShot2024_0314_215800351,1,0
ScreenShot2024_0314_220100769,1,0
ScreenShot2024_0315_011922328,1,0
ScreenShot2024_0315_013010637,1,0
ScreenShot2024_0315_013317889,0,0
ScreenShot2024_0315_013933452,1,0
ScreenShot2024_0315_014952877,1,0
ScreenShot2024_0315_015155396,1,0
ScreenShot2024_0315_015624003,1,0
ScreenShot2024_0315_015751754,1,0
ScreenShot2024_0315_022643797,2,0
ScreenShot2024_0315_023016621,1,0
ScreenShot2024_0315_023143333,2,0
ScreenShot2024_0315_023628803,5,0
ScreenShot2024_0315_025731620,1,0
ScreenShot2024_0315_045158360,1,0
ScreenShot2024_0315_045722985,1,0
ScreenShot2024_0315_050405529,1,0
ScreenShot2024_0315_050632060,1,0
ScreenShot2024_0315_051404470,1,0
ScreenShot2024_0315_052745678,1,0
ScreenShot2024_0315_053810911,0,0
ScreenShot2024_0315_054123046,1,0
ScreenShot2024_0315_054303393,1,0
ScreenShot2024_0315_061406797,1,0
ScreenShot2024_0315_061909958,1,0
ScreenShot2024_0315_063430238,1,0
ScreenShot2024_0315_063603856,1,0
ScreenShot2024_0315_064025788,1,0
ScreenShot2024_0315_071444471,1,0
ScreenShot2024_0315_072200682,1,0
ScreenShot2024_0315_082237155,1,0
ScreenShot2024_0315_103534181,1,0
ScreenShot2024_0315_103642985,1,0
ScreenShot2024_0315_103717600,1,0
ScreenShot2024_0315_105132062,1,0
ScreenShot2024_0315_232747120,1,0
ScreenShot2024_0315_233027624,0,0
ScreenShot2024_0315_233437309,1,0
ScreenShot2024_0315_233552825,1,0
ScreenShot2024_0315_235329183,0,0
ScreenShot2024_0316_003257290,1,0
ScreenShot2024_0316_020345617,1,0
ScreenShot2024_0316_020732767,1,0
ScreenShot2024_0316_022405053,1,0
ScreenShot2024_0316_022619703,1,0
ScreenShot2024_0316_023038785,1,0
ScreenShot2024_0316_023312439,1,0
ScreenShot2024_0316_023414692,1,0
ScreenShot2024_0316_023542186,1,0
ScreenShot2024_0316_025815402,1,0
ScreenShot2024_0316_151107968,1,0
ScreenShot2024_0316_151305925,1,0
ScreenShot2024_0316_163258180,1,0
ScreenShot2024_0316_163516087,0,0
ScreenShot2024_0316_163807855,1,0
ScreenShot2024_0316_164531172,1,0
ScreenShot2024_0316_181250390,1,0
ScreenShot2024_0316_181501755,1,0
ScreenShot2024_0316_181531270,1,0
ScreenShot2024_0316_181604304,1,0
ScreenShot2024_0316_181737338,1,0
ScreenShot2024_0316_182000455,1,0
ScreenShot2024_0316_182031392,1,0
ScreenShot2024_0316_182600968,1,0
ScreenShot2024_0316_182917751,1,0
ScreenShot2024_0316_183020717,1,0
ScreenShot2024_0316_190640592,0,0
ScreenShot2024_0316_190915269,1,0
ScreenShot2024_0316_191230838,0,0
ScreenShot2024_0317_134900461,1,0
ScreenShot2024_0317_135407007,1,0
ScreenShot2024_0317_141525404,0,0
ScreenShot2024_0317_192408214,1,0
ScreenShot2024_0317_193016678,1,0
ScreenShot2024_0317_193645118,0,0
ScreenShot2024_0317_193810358,0,0
ScreenShot2024_0317_194143666,1,0
ScreenShot2024_0317_194212015,1,0
ScreenShot2024_0317_194302331,1,0
ScreenShot2024_0317_194644496,1,0
ScreenShot2024_0317_200345047,1,0
ScreenShot2024_0317_201021167,1,0
ScreenShot2024_0317_201226045,1,0
ScreenShot2024_0317_231457510,1,0
ScreenShot2024_0317_232316704,1,0
ScreenShot2024_0317_232459109,1,0
ScreenShot2024_0317_232828316,1,0
ScreenShot2024_0317_233148012,1,0
ScreenShot2024_0317_234039227,0,0
ScreenShot2024_0317_234324398,1,0
ScreenShot2024_0317_234414612,1,0
ScreenShot2024_0317_234827960,1,0
ScreenShot2024_0317_235620924,1,0
ScreenShot2024_0318_001101748,0,0
ScreenShot2024_0318_001637387,1,0
ScreenShot2024_0318_002657774,1,0
ScreenShot2024_0318_004242117,0,0
ScreenShot2024_0318_004517041,0,0
ScreenShot2024_0318_005010199,0,0
ScreenShot2024_0318_010832501,1,0
ScreenShot2024_0318_011013069,1,0
ScreenShot2024_0318_011346539,1,0
ScreenShot2024_0318_011502435,0,0
ScreenShot2024_0318_011611435,1,0
ScreenShot2024_0318_011800183,0,0
ScreenShot2024_0318_012014669,1,0
ScreenShot2024_0318_013503926,0,0
ScreenShot2024_0318_025353756,0,0
ScreenShot2024_0318_032802086,1,0
ScreenShot2024_0318_032853935,1,0
ScreenShot2024_0318_032933227,1,0
ScreenShot2024_0318_033629888,1,0
ScreenShot2024_0318_043107700,1,0
ScreenShot2024_0318_043716722,1,0
ScreenShot2024_0318_051413063,1,0
ScreenShot2024_0318_053042501,1,0
ScreenShot2024_0318_053815417,1,0
ScreenShot2024_0318_060105065,1,0
ScreenShot2024_0318_060428739,1,0
ScreenShot2024_0318_162041373,1,0
ScreenShot2024_0318_172157896,1,0
ScreenShot2024_0318_181257905,1,0
ScreenShot2024_0318_181727827,1,0
ScreenShot2024_0318_183420816,1,0
ScreenShot2024_0318_204937124,1,0
ScreenShot2024_0318_205443149,0,0
ScreenShot2024_0318_210943351,0,0
ScreenShot2024_0318_211706931,1,0
ScreenShot2024_0318_213418357,1,0
ScreenShot2024_0318_213721758,0,0
ScreenShot2024_0318_213923973,1,0
ScreenShot2024_0318_214829720,1,0
ScreenShot2024_0318_221404331,1,0
ScreenShot2024_0318_221554213,1,0
ScreenShot2024_0318_222202831,1,0
ScreenShot2024_0318_222952544,1,0
ScreenShot2024_0318_225900586,1,0
ScreenShot2024_0318_230318676,0,0
ScreenShot2024_0318_230417628,1,0
ScreenShot2024_0319_002449059,0,0
ScreenShot2024_0319_002831839,1,0
ScreenShot2024_0319_003057708,0,0
ScreenShot2024_0319_003353656,1,0
ScreenShot2024_0319_003443559,0,0
ScreenShot2024_0319_003618220,1,0
ScreenShot2024_0319_004044352,1,0
ScreenShot2024_0319_004216856,1,0
ScreenShot2024_0319_004957707,0,0
ScreenShot2024_0319_011057638,1,0
ScreenShot2024_0319_013243989,0,0
ScreenShot2024_0319_015202066,1,0
ScreenShot2024_0319_015320897,1,0
ScreenShot2024_0319_015729615,1,0
ScreenShot2024_0319_021124245,1,0
ScreenShot2024_0319_030246811,1,0
ScreenShot2024_0319_034815843,1,0
ScreenShot2024_0319_040233924,1,0
ScreenShot2024_0319_040550776,1,0
ScreenShot2024_0319_041122953,1,0
ScreenShot2024_0319_041543370,0,0
ScreenShot2024_0319_042028086,1,0
ScreenShot2024_0319_042118038,1,0
ScreenShot2024_0319_042311711,1,0
ScreenShot2024_0319_042444811,1,0
ScreenShot2024_0319_042757688,1,0
ScreenShot2024_0319_042828245,1,0
ScreenShot2024_0319_043211452,1,0
ScreenShot2024_0319_185258813,1,0
ScreenShot2024_0319_185347294,1,0
ScreenShot2024_0319_185508628,1,0
ScreenShot2024_0319_223054287,1,0
ScreenShot2024_0319_231831229,0,0
ScreenShot2024_0319_231907243,1,0
ScreenShot2024_0319_233729205,1,0
ScreenShot2024_0320_003909254,1,0
ScreenShot2024_0320_010736877,1,0
ScreenShot2024_0320_010949520,1,0
ScreenShot2024_0320_011401353,1,0
ScreenShot2024_0320_011434632,1,0
ScreenShot2024_0320_011819355,1,0
ScreenShot2024_0320_012256769,1,0
ScreenShot2024_0320_012420718,1,0
ScreenShot2024_0320_013623180,1,0
ScreenShot2024_0320_013821848,0,0
ScreenShot2024_0320_014035321,1,0
ScreenShot2024_0320_014429039,1,0
ScreenShot2024_0320_015157338,1,0
ScreenShot2024_0320_015704641,1,0
ScreenShot2024_0320_015742572,1,0
ScreenShot2024_0320_015926105,1,0
ScreenShot2024_0320_020245880,1,0
ScreenShot2024_0320_020425218,1,0
ScreenShot2024_0320_021839527,1,0
ScreenShot2024_0320_022241188,1,0
ScreenShot2024_0320_031707920,1,0
ScreenShot2024_0320_031913186,1,0
ScreenShot2024_0320_032407304,1,0
ScreenShot2024_0320_033107263,0,0
ScreenShot2024_0320_033229668,1,0
ScreenShot2024_0320_033418937,1,0
ScreenShot2024_0320_034737748,1,0
ScreenShot2024_0320_035357249,0,0
ScreenShot2024_0320_035443640,1,0
ScreenShot2024_0320_043020620,1,0
ScreenShot2024_0320_043158136,1,0
ScreenShot2024_0320_044025994,1,0
ScreenShot2024_0320_044245664,1,0
ScreenShot2024_0320_140949960,1,0
ScreenShot2024_0320_141050457,2,0
ScreenShot2024_0320_141305854,0,0
ScreenShot2024_0320_143141201,1,0
ScreenShot2024_0320_143207034,1,0
ScreenShot2024_0320_160700372,1,0
ScreenShot2024_0320_160718972,1,0
ScreenShot2024_0320_160754036,1,0
ScreenShot2024_0320_161027925,1,0
ScreenShot2024_0320_161045760,1,0
ScreenShot2024_0320_161436175,1,0
ScreenShot2024_0320_161536724,1,0
ScreenShot2024_0320_161607308,1,0
ScreenShot2024_0320_161926660,1,0
ScreenShot2024_0320_162156444,1,0
ScreenShot2024_0320_162252791,1,0
ScreenShot2024_0320_162819681,1,0
ScreenShot2024_0320_163006816,1,0
ScreenShot2024_0320_164002114,1,0
ScreenShot2024_0320_165835154,1,0
ScreenShot2024_0320_180803993,0,0
ScreenShot2024_0320_183801194,1,0
ScreenShot2024_0320_185518411,1,0
ScreenShot2024_0320_185754494,1,0
ScreenShot2024_0320_200734915,1,0
ScreenShot2024_0320_200915262,0,0
ScreenShot2024_0320_201159791,0,0
ScreenShot2024_0320_201321321,0,0
ScreenShot2024_0321_191903302,1,0
ScreenShot2024_0321_192821775,1,0
ScreenShot2024_0321_193515581,0,0
ScreenShot2024_0321_195030431,0,0
ScreenShot2024_0321_195110899,1,0
ScreenShot2024_0321_195206032,1,0
ScreenShot2024_0321_195423066,1,0
ScreenShot2024_0321_200001733,1,0
ScreenShot2024_0321_200414218,1,0
ScreenShot2024_0321_201141712,1,0
ScreenShot2024_0321_201429248,1,0
ScreenShot2024_0321_201702926,1,0
ScreenShot2024_0321_201858077,0,0
ScreenShot2024_0321_202044393,1,0
ScreenShot2024_0321_202119660,1,0
ScreenShot2024_0321_202151658,1,0
ScreenShot2024_0321_203956062,1,0
ScreenShot2024_0321_204729019,1,0
ScreenShot2024_0321_205758499,1,0
ScreenShot2024_0321_210051007,1,0
ScreenShot2024_0321_210120559,1,0
ScreenShot2024_0321_210303909,1,0
ScreenShot2024_0321_215405832,1,0
ScreenShot2024_0712_002034157,1,0
ScreenShot2024_0713_024453296,1,0
ScreenShot2024_0713_025527592,1,0
ScreenShot2024_0713_030125785,1,0
ScreenShot2024_0716_215936563,1,0
ScreenShot2024_0716_215947929,1,0
ScreenShot2024_0716_220216332,1,0
ScreenShot2024_0716_220325942,1,0
ScreenShot2024_0716_220620870,1,0
ScreenShot2024_0716_220644727,1,0
ScreenShot2024_0716_221417287,1,0
ScreenShot2024_0716_221629292,1,0
ScreenShot2024_0716_221840070,1,0
ScreenShot2024_0716_222209723,1,0
ScreenShot2024_0728_002656939,1,0
ScreenShot2024_0728_002849229,1,0
ScreenShot2024_0728_003633374,1,0
ScreenShot2024_0728_003914589,1,0
ScreenShot2024_0728_003932593,1,0
ScreenShot2024_0728_003950274,1,0
ScreenShot2024_0728_004340955,1,0
ScreenShot2024_0728_004937725,1,0
ScreenShot2024_0802_005616315,1,0
ScreenShot2024_0802_005841550,1,0
ScreenShot2024_0802_010644861,1,0
ScreenShot2024_0802_010810429,1,0
ScreenShot2024_0802_010822415,1,0
ScreenShot2024_0806_230049907,1,0
ScreenShot2024_0806_231853891,1,0
ScreenShot2024_0807_001616847,1,0
ScreenShot2024_0809_002618068,1,0
ScreenShot2024_0809_003211472,1,0
ScreenShot2024_0809_003245920,1,0
ScreenShot2024_0809_012818227,0,0
ScreenShot2024_0809_014047681,1,0
ScreenShot2024_0809_014128123,1,0
ScreenShot2024_0817_114356614,1,0
ScreenShot2024_0817_120209158,1,0
ScreenShot2024_0817_120433666,0,0
ScreenShot2024_0817_120617361,0,0
ScreenShot2024_0917_210928523,0,0
ScreenShot2025_0119_233552498,1,0
ScreenShot2025_0123_022922906,1,0
ScreenShot2025_0124_213131356,1,0
ScreenShot2025_0124_215340926,1,0
ScreenShot2025_0124_215358500,1,0
ScreenShot2025_0125_101428348,1,0
ScreenShot2025_0125_101507380,1,0
ScreenShot2025_0125_101511379,1,0
ScreenShot2025_0125_120309454,1,0
ScreenShot2025_0125_130014826,1,0
ScreenShot2025_0126_023407588,1,0
ScreenShot2025_0126_024604245,1,0
ScreenShot2025_0126_031805738,1,0
ScreenShot2025_0126_032337707,1,0
ScreenShot2025_0126_130132611,1,0
ScreenShot2025_0126_160605441,1,0
ScreenShot2025_0126_160719284,1,0
ScreenShot2025_0127_005317465,1,0
ScreenShot2025_0127_025200149,1,0
ScreenShot2025_0128_192029584,1,0
ScreenShot2025_0128_222844263,1,0
ScreenShot2025_0129_103432015,2,0
ScreenShot2025_0129_103432224,2,0
ScreenShot2025_0130_232616907,1,0
ScreenShot2025_0131_000557215,1,0
ScreenShot2025_0201_010148670,4,0
ScreenShot2025_0202_024051885,1,0
ScreenShot2025_0202_024249604,0,0
ScreenShot2025_0202_024334001,2,0
ScreenShot2025_0202_024513981,1,0
ScreenShot2025_0202_024638982,1,0
ScreenShot2025_0203_213031570,0,0
ScreenShot2025_0204_011534257,1,0
ScreenShot2025_0204_224237558,1,0
ScreenShot2025_0204_224740571,1,0
ScreenShot2025_0205_220842212,1,0
ScreenShot2025_0206_205755882,2,0
ScreenShot2025_0206_221844937,0,0
ScreenShot2025_0206_222926912,2,0
ScreenShot2025_0206_223359600,1,0
ScreenShot2025_0208_003425805,1,0
ScreenShot2025_0208_004313774,3,0
ScreenShot2025_0209_230117577,0,0
ScreenShot2025_0209_230117924,0,0
ScreenShot2025_0209_230118120,0,0
ScreenShot2025_0211_010110477,0,0
ScreenShot2025_0211_010213359,1,0
ScreenShot2025_0211_010350576,0,0
ScreenShot2025_0211_234043970,1,0
ScreenShot2025_0216_185806522,1,0
ScreenShot2025_0216_191327417,1,0
ScreenShot2025_0216_193455246,1,0
ScreenShot2025_0216_214210665,1,0
ScreenShot2025_0216_214225561,1,0
ScreenShot2025_0216_222055469,1,0
ScreenShot2025_0216_222512940,1,0
ScreenShot2025_0216_222600090,3,0
ScreenShot2025_0216_223014488,2,0
ScreenShot2025_0218_012034214,1,0
ScreenShot2025_0218_012222488,0,0
ScreenShot2025_0218_012316360,0,0
ScreenShot2025_0218_012539310,0,0
ScreenShot2025_0218_012636021,0,0
ScreenShot2025_0218_013222177,1,0
ScreenShot2025_0218_013755825,1,0
ScreenShot2025_0218_013959469,1,0
ScreenShot2025_0218_014118061,1,0
ScreenShot2025_0219_235652112,4,0
ScreenShot2025_0219_235652392,4,0
ScreenShot2025_0219_235652581,4,0
ScreenShot2025_0219_235652802,4,0
ScreenShot2025_0219_235653100,4,0
ScreenShot2025_0223_150032117,3,0
ScreenShot2025_0223_154226548,3,0
ScreenShot2025_0224_223605957,1,0
ScreenShot2025_0228_215457686,1,0
ScreenShot2025_0228_221426221,1,0
ScreenShot2025_0228_221905883,1,0
ScreenShot2025_0228_221911349,1,0
ScreenShot2025_0302_000221543,1,0
ScreenShot2025_0303_231743784,2,0
ScreenShot2025_0304_230304386,2,0
ScreenShot2025_0306_201837076,1,0
ScreenShot2025_0306_204500243,7,0
ScreenShot2025_0306_235652614,4,0
ScreenShot2025_0307_201850786,2,0
ScreenShot2025_0308_092841030,1,0
ScreenShot2025_0308_111627029,2,0
ScreenShot2025_0310_224208281,3,0
ScreenShot2025_0311_220844817,1,0
ScreenShot2025_0315_003334417,3,0
ScreenShot2025_0315_003334784,3,0
ScreenShot2025_0315_003335000,3,0
ScreenShot2025_0315_003335186,3,0
ScreenShot2025_0315_004625649,2,0
ScreenShot2025_0316_024549641,1,0
ScreenShot2025_0316_114458033,4,0
ScreenShot2025_0317_223821011,1,0
ScreenShot2025_0322_095015282,1,0
ScreenShot2025_0322_100556538,0,0
ScreenShot2025_0328_010152407,4,0
ScreenShot2025_0328_230417555,3,0
ScreenShot2025_0328_231459122,2,0
ScreenShot2025_0329_173043403,1,0
ScreenShot2025_0329_173407644,1,0
ScreenShot2025_0330_021647601,2,0
ScreenShot2025_0330_184852184,1,0
ScreenShot2025_0330_193624129,2,0
ScreenShot2025_0330_194616507,2,0
ScreenShot2025_0401_001756833,2,0
ScreenShot2025_0401_001758794,2,0
ScreenShot2025_0401_001948482,1,0
ScreenShot2025_0401_003441626,2,0
ScreenShot2025_0401_014033756,1,0
ScreenShot2025_0402_074447497,1,0
ScreenShot2025_0403_204458778,1,0
ScreenShot2025_0403_204517660,1,0
ScreenShot2025_0403_232524353,1,0
ScreenShot2025_0405_000547458,1,0
ScreenShot2025_0405_013314806,1,0
ScreenShot2025_0405_144727740,2,0
ScreenShot2025_0405_150025560,2,0
ScreenShot2025_0405_203505907,3,0
ScreenShot2025_0406_001443620,2,0
ScreenShot2025_0406_001936966,1,0
ScreenShot2025_0406_005812924,4,0
ScreenShot2025_0406_012401975,1,0
ScreenShot2025_0407_224019522,4,0
ScreenShot2025_0408_003825371,1,0
ScreenShot2025_0408_013445760,1,0
ScreenShot2025_0408_220955150,1,0
ScreenShot2025_0408_233704886,2,0
ScreenShot2025_0408_234310446,4,0
ScreenShot2025_0410_215510248,2,0
ScreenShot2025_0410_215510424,2,0
ScreenShot2025_0410_215717796,2,0
ScreenShot2025_0410_231654251,2,0
ScreenShot2025_0410_235837896,1,0
ScreenShot2025_0411_235753857,1,0
ScreenShot2025_0412_005135183,2,0
ScreenShot2025_0416_011224149,1,0
ScreenShot2025_0416_021756203,2,0
ScreenShot2025_0416_231425820,1,0
ScreenShot2025_0418_003428186,1,0
ScreenShot2025_0418_012226797,1,0
ScreenShot2025_0419_000130480,4,0
ScreenShot2025_0419_010348708,3,0
ScreenShot2025_0419_173329449,3,0
ScreenShot2025_0419_182401214,2,0
ScreenShot2025_0419_183202125,3,0
ScreenShot2025_0420_001023015,2,0
ScreenShot2025_0420_022927461,1,0
ScreenShot2025_0420_162406086,4,0
ScreenShot2025_0421_214311009,3,0
ScreenShot2025_0422_014805010,1,0
ScreenShot2025_0422_015030096,1,0
ScreenShot2025_0422_213044385,1,0
ScreenShot2025_0422_215518599,1,0
ScreenShot2025_0422_220722631,2,0
ScreenShot2025_0422_223555434,2,0
ScreenShot2025_0422_233351071,2,0
ScreenShot2025_0422_233436304,4,0
ScreenShot2025_0424_010127307,1,0
ScreenShot2025_0424_020849021,1,0
ScreenShot2025_0424_022403378,2,0
ScreenShot2025_0427_181459409,1,0
ScreenShot2025_0429_014100687,1,0
ScreenShot2025_0429_130047022,2,0
ScreenShot2025_0430_014445253,1,0
ScreenShot2025_0430_020129048,1,0
ScreenShot2025_0430_193712634,1,0
ScreenShot2025_0430_215249198,1,0
ScreenShot2025_0501_010757510,1,0
ScreenShot2025_0501_153829399,3,0
ScreenShot2025_0501_185645322,2,0
ScreenShot2025_0502_001924665,1,0
ScreenShot2025_0503_140800390,1,0
ScreenShot2025_0503_141200042,1,0
ScreenShot2025_0503_150212529,1,0
ScreenShot2025_0504_003902999,1,0
ScreenShot2025_0504_204854243,1,0
ScreenShot2025_0504_210435774,2,0
ScreenShot2025_0504_232404389,2,0
ScreenShot2025_0504_234033049,1,0
ScreenShot2025_0504_234202587,1,0
ScreenShot2025_0505_000854738,5,0
ScreenShot2025_0505_004333366,2,0
ScreenShot2025_0508_205522476,5,0
ScreenShot2025_0511_224559785,7,0
ScreenShot2025_0512_222352505,1,0
ScreenShot2025_0515_204337411,2,0
ScreenShot2025_0516_205656712,3,0
ScreenShot2025_0518_024953038,2,0
ScreenShot2025_0518_025234780,3,0
ScreenShot2025_0518_025648311,2,0
ScreenShot2025_0520_032009877,1,0
ScreenShot2025_0520_230121553,1,0
ScreenShot2025_0520_231520067,1,0
ScreenShot2025_0521_234737931,2,0
ScreenShot2025_0521_235717462,3,0
ScreenShot2025_0524_011157768,2,0
ScreenShot2025_0524_022040345,2,0
ScreenShot2025_0524_174009909,1,0
ScreenShot2025_0526_001135596,1,0
ScreenShot2025_0526_001540077,4,0
ScreenShot2025_0526_002301029,2,0
ScreenShot2025_0527_001232921,2,0
ScreenShot2025_0527_234324611,2,0
ScreenShot2025_0528_210538974,1,0
ScreenShot2025_0528_225859517,4,0
ScreenShot2025_0529_012256465,1,0
ScreenShot2025_0531_012339970,1,0
ScreenShot2025_0601_004048251,2,0
ScreenShot2025_0601_222959964,1,0
ScreenShot2025_0603_002555410,2,0
ScreenShot2025_0603_185227424,0,0
ScreenShot2025_0603_190344879,1,0
ScreenShot2025_0603_200659724,1,0
ScreenShot2025_0603_212808721,1,0
ScreenShot2025_0603_232638586,1,0
ScreenShot2025_0605_002348711,1,0
ScreenShot2025_0605_011315608,4,0
ScreenShot2025_0605_012654534,3,0
ScreenShot2025_0605_220744434,1,0
ScreenShot2025_0606_224054579,4,0
ScreenShot2025_0606_224054723,4,0
ScreenShot2025_0606_224054897,4,0
ScreenShot2025_0608_012814885,2,0
ScreenShot2025_0608_015343816,2,0
ScreenShot2025_0608_165736742,4,0
ScreenShot2025_0609_225826034,4,0
ScreenShot2025_0610_221802993,2,0
ScreenShot2025_0610_232729870,1,0
ScreenShot2025_0611_005002725,1,0
ScreenShot2025_0611_005446947,1,0
ScreenShot2025_0611_005512820,1,0
ScreenShot2025_0611_214658658,4,0
ScreenShot2025_0611_214836234,5,0
ScreenShot2025_0611_222336733,1,0
ScreenShot2025_0612_010928858,1,0
ScreenShot2025_0612_231110558,1,0
ScreenShot2025_0612_235445974,1,0
ScreenShot2025_0613_003730493,4,0
ScreenShot2025_0613_005530602,2,0
ScreenShot2025_0613_005752203,5,0
ScreenShot2025_0614_175120833,1,0
ScreenShot2025_0614_230426632,4,0
ScreenShot2025_0614_230429112,5,0
ScreenShot2025_0615_235958687,3,0
ScreenShot2025_0616_002606422,2,0
ScreenShot2025_0616_233344287,3,0
ScreenShot2025_0617_233145858,3,0
ScreenShot2025_0618_002827883,4,0
ScreenShot2025_0620_005535152,3,0
ScreenShot2025_0624_015303007,1,0
ScreenShot2025_0624_015309439,2,0
ScreenShot2025_0624_022310532,1,0
ScreenShot2025_0625_015027070,2,0
ScreenShot2025_0625_015130705,1,0
ScreenShot2025_0625_015601294,1,0
ScreenShot2025_0626_030820678,1,0
ScreenShot2025_0626_030858130,1,0
ScreenShot2025_0626_224444223,2,0
ScreenShot2025_0626_232541210,1,0
ScreenShot2025_0626_234150484,1,0
ScreenShot2025_0627_002227657,2,0
ScreenShot2025_0627_004443121,7,0
ScreenShot2025_0627_004522821,2,0
ScreenShot2025_0627_004523057,2,0
ScreenShot2025_0627_004523425,2,0
ScreenShot2025_0627_014710285,2,0
ScreenShot2025_0628_013613989,1,0
ScreenShot2025_0628_034939369,2,0
ScreenShot2025_0628_035316326,3,0
ScreenShot2025_0628_154153169,4,0
ScreenShot2025_0628_185737199,1,0
ScreenShot2025_0628_203139739,1,0
ScreenShot2025_0629_024027554,2,0
ScreenShot2025_0629_235248442,2,0
ScreenShot2025_0630_005450691,1,0
ScreenShot2025_0701_021554445,2,0
ScreenShot2025_0701_022211154,1,0
ScreenShot2025_0703_004609925,1,0
ScreenShot2025_0704_002543881,2,0
ScreenShot2025_0704_014603280,1,0
ScreenShot2025_0705_004724126,3,0
ScreenShot2025_0705_164234954,2,0
ScreenShot2025_0706_233913921,2,0
ScreenShot2025_0707_000106450,1,0
ScreenShot2025_0710_223051361,2,0
ScreenShot2025_0710_234417250,2,0
ScreenShot2025_0711_234602177,1,0
ScreenShot2025_0711_234615230,1,0
ScreenShot2025_0712_205233231,1,0
ScreenShot2025_0712_205646035,1,0
ScreenShot2025_0719_120804207,3,0
ScreenShot2025_0719_124333150,2,0
ScreenShot2025_0721_234200925,1,0
ScreenShot2025_0722_000752656,6,0
ScreenShot2025_0725_000708782,1,0
ScreenShot2025_0725_002305704,2,0
ScreenShot2025_0725_004807157,1,0
ScreenShot2025_0725_013528867,2,0
ScreenShot2025_0730_235852392,1,0
ScreenShot2025_0731_222521138,1,0
ScreenShot2025_0808_174925780,1,0
ScreenShot2025_0816_022018207,1,0
ScreenShot2025_0816_081057260,7,0
ScreenShot2025_0823_012357911,1,0
ScreenShot2025_0823_013250683,1,0
ScreenShot2025_0824_181921092,5,0
ScreenShot2025_0824_182904697,1,0
ScreenShot2025_0824_185603830,1,0
ScreenShot2025_0824_190625189,1,0
ScreenShot2025_0824_191133505,4,0
ScreenShot2025_0824_192558690,1,0
ScreenShot2025_0824_193038509,2,0
ScreenShot2025_0824_195950693,1,0
ScreenShot2025_0824_230257290,1,0
ScreenShot2025_0824_234451021,2,0
ScreenShot2025_0826_220637263,1,0
ScreenShot2025_0829_003907796,1,0
ScreenShot2025_0829_010530908,2,0
ScreenShot2025_0830_220822927,4,0
ScreenShot2025_0831_183035902,1,0
ScreenShot2025_0831_205758086,2,0
ScreenShot2025_0901_204543283,1,0
ScreenShot2025_0903_123002085,1,0
ScreenShot2025_0904_015050485,2,0
ScreenShot2025_0904_160424103,1,0
ScreenShot2025_0904_161112506,1,0
ScreenShot2025_0906_192532867,1,0
ScreenShot2025_0906_193144854,1,0
ScreenShot2025_0906_193317459,2,0
ScreenShot2025_0906_232835110,1,0
ScreenShot2025_0907_001349003,2,0
ScreenShot2025_0907_154318246,1,0
ScreenShot2025_0907_162438952,1,0
ScreenShot2025_0907_162523725,1,0
ScreenShot2025_0907_162729172,1,0
ScreenShot2025_0907_162851738,1,0
ScreenShot2025_0907_163125085,1,0
ScreenShot2025_0907_163307082,2,0
ScreenShot2025_0907_163524460,1,0
ScreenShot2025_0907_163608470,1,0
ScreenShot2025_0907_191809157,1,0
ScreenShot2025_0907_202806735,1,0
ScreenShot2025_0907_213756061,3,0
ScreenShot2025_0908_213312100,1,0
ScreenShot2025_0908_213331005,1,0
ScreenShot2025_0908_213400217,1,0
ScreenShot2025_0909_010055252,1,0
ScreenShot2025_0912_003118428,2,0
ScreenShot2025_0913_133752880,1,0
ScreenShot2025_0913_135614639,1,0
ScreenShot2025_0914_225322805,1,0
ScreenShot2025_0915_011054060,2,0
ScreenShot2025_0917_004905314,1,0
ScreenShot2025_0918_002242376,2,0
ScreenShot2025_0918_002448102,1,0
ScreenShot2025_0918_002559824,1,0
ScreenShot2025_0918_230927777,1,0
ScreenShot2025_0920_083620202,3,0
ScreenShot2025_0920_123234075,1,0
ScreenShot2025_0922_004043374,3,0
ScreenShot2025_0922_224043986,1,0
ScreenShot2025_0923_002307563,2,0
ScreenShot2025_0927_100258427,1,0
ScreenShot2025_0927_131621375,1,0
ScreenShot2025_0927_134834860,1,0
ScreenShot2025_0927_134906901,1,0
ScreenShot2025_1003_002704559,2,0
ScreenShot2025_1003_010057460,2,0
ScreenShot2025_1003_010250714,1,0
ScreenShot2025_1004_193654280,2,0
ScreenShot2025_1004_234213329,1,0
ScreenShot2025_1005_131440019,1,0
ScreenShot2025_1005_131505284,1,0
ScreenShot2025_1006_203345331,1,0
ScreenShot2025_1006_203454033,2,0
ScreenShot2025_1006_203614358,2,0
ScreenShot2025_1006_210503027,3,0
ScreenShot2025_1006_215133896,1,0
ScreenShot2025_1006_220836898,1,0
ScreenShot2025_1007_085415487,1,0
ScreenShot2025_1007_085607208,1,0
ScreenShot2025_1007_085629025,1,0
ScreenShot2025_1007_221354878,1,0
ScreenShot2025_1008_111940305,1,0
ScreenShot2025_1008_113011236,2,0
ScreenShot2025_1008_200348053,1,0
ScreenShot2025_1008_220909737,1,0
ScreenShot2025_1008_225450080,1,0
ScreenShot2025_1009_010029890,1,0
ScreenShot2025_1009_010057310,1,0
ScreenShot2025_1009_011548601,1,0
ScreenShot2025_1009_193629313,3,0
ScreenShot2025_1009_203927312,2,0
ScreenShot2025_1011_015146398,1,0
ScreenShot2025_1011_031724705,2,0
ScreenShot2025_1011_104746608,2,0
ScreenShot2025_1011_105354488,1,0
ScreenShot2025_1011_105652701,1,0
ScreenShot2025_1011_111835902,1,0
ScreenShot2025_1012_102530892,1,0
ScreenShot2025_1012_102640812,1,0
ScreenShot2025_1012_102811587,1,0
ScreenShot2025_1015_021459396,1,0
ScreenShot2025_1015_021525460,1,0
ScreenShot2025_1015_021604108,1,0
ScreenShot2025_1015_021623232,1,0
ScreenShot2025_1015_021628204,1,0
ScreenShot2025_1015_021808915,1,0
ScreenShot2025_1015_021825024,1,0
ScreenShot2025_1101_091534412,1,0
ScreenShot2025_1101_091553712,2,0
ScreenShot2025_1115_091300248,1,0
ScreenShot2025_1115_091405925,1,0
ScreenShot2025_1119_141739263,1,0
ScreenShot2025_1119_142153717,1,0
ScreenShot2025_1121_223152632,1,0
ScreenShot2025_1124_010446831,2,0
ScreenShot2025_1126_001922792,1,0
ScreenShot2025_1126_002056746,1,0
ScreenShot2025_1126_002215416,1,0
